"trainer/global_step","fresh-sun-3 - _step","fresh-sun-3 - _step__MIN","fresh-sun-3 - _step__MAX","fresh-sun-3 - train/rel_error","fresh-sun-3 - train/rel_error__MIN","fresh-sun-3 - train/rel_error__MAX","royal-fire-2 - _step","royal-fire-2 - _step__MIN","royal-fire-2 - _step__MAX","royal-fire-2 - train/rel_error","royal-fire-2 - train/rel_error__MIN","royal-fire-2 - train/rel_error__MAX","floral-breeze-1 - _step","floral-breeze-1 - _step__MIN","floral-breeze-1 - _step__MAX","floral-breeze-1 - train/rel_error","floral-breeze-1 - train/rel_error__MIN","floral-breeze-1 - train/rel_error__MAX"
"15","0","0","0","0.5251986980438232","0.5251986980438232","0.5251986980438232","0","0","0","0.5251733660697937","0.5251733660697937","0.5251733660697937","0","0","0","1.3130762577056885","1.3130762577056885","1.3130762577056885"
"31","1","1","1","0.2796613276004791","0.2796613276004791","0.2796613276004791","1","1","1","0.2796406149864197","0.2796406149864197","0.2796406149864197","1","1","1","0.45594027638435364","0.45594027638435364","0.45594027638435364"
"47","2","2","2","0.24942755699157715","0.24942755699157715","0.24942755699157715","2","2","2","0.24940282106399536","0.24940282106399536","0.24940282106399536","2","2","2","0.3410658538341522","0.3410658538341522","0.3410658538341522"
"63","4","4","4","0.23076067864894867","0.23076067864894867","0.23076067864894867","4","4","4","0.2307354062795639","0.2307354062795639","0.2307354062795639","4","4","4","0.3047488033771515","0.3047488033771515","0.3047488033771515"
"79","5","5","5","0.21484331786632538","0.21484331786632538","0.21484331786632538","5","5","5","0.21482093632221222","0.21482093632221222","0.21482093632221222","5","5","5","0.28910666704177856","0.28910666704177856","0.28910666704177856"
"95","6","6","6","0.1994612067937851","0.1994612067937851","0.1994612067937851","6","6","6","0.1994326412677765","0.1994326412677765","0.1994326412677765","6","6","6","0.2782741189002991","0.2782741189002991","0.2782741189002991"
"111","8","8","8","0.1848141849040985","0.1848141849040985","0.1848141849040985","8","8","8","0.18477347493171692","0.18477347493171692","0.18477347493171692","8","8","8","0.2702037990093231","0.2702037990093231","0.2702037990093231"
"127","9","9","9","0.17169760167598724","0.17169760167598724","0.17169760167598724","9","9","9","0.17164786159992218","0.17164786159992218","0.17164786159992218","9","9","9","0.26250556111335754","0.26250556111335754","0.26250556111335754"
"143","10","10","10","0.16071508824825287","0.16071508824825287","0.16071508824825287","10","10","10","0.16066575050354004","0.16066575050354004","0.16066575050354004","10","10","10","0.25565487146377563","0.25565487146377563","0.25565487146377563"
"159","12","12","12","0.15174263715744019","0.15174263715744019","0.15174263715744019","12","12","12","0.15170013904571533","0.15170013904571533","0.15170013904571533","12","12","12","0.24926334619522095","0.24926334619522095","0.24926334619522095"
"175","13","13","13","0.1443023383617401","0.1443023383617401","0.1443023383617401","13","13","13","0.14427068829536438","0.14427068829536438","0.14427068829536438","13","13","13","0.24345386028289795","0.24345386028289795","0.24345386028289795"
"191","14","14","14","0.13834981620311737","0.13834981620311737","0.13834981620311737","14","14","14","0.13833346962928772","0.13833346962928772","0.13833346962928772","14","14","14","0.23757357895374298","0.23757357895374298","0.23757357895374298"
"207","16","16","16","0.13361939787864685","0.13361939787864685","0.13361939787864685","16","16","16","0.13361907005310059","0.13361907005310059","0.13361907005310059","16","16","16","0.23206821084022522","0.23206821084022522","0.23206821084022522"
"223","17","17","17","0.12968696653842926","0.12968696653842926","0.12968696653842926","17","17","17","0.12970250844955444","0.12970250844955444","0.12970250844955444","17","17","17","0.22694233059883118","0.22694233059883118","0.22694233059883118"
"239","18","18","18","0.12620611488819122","0.12620611488819122","0.12620611488819122","18","18","18","0.12623341381549835","0.12623341381549835","0.12623341381549835","18","18","18","0.22200720012187958","0.22200720012187958","0.22200720012187958"
"255","20","20","20","0.1232328861951828","0.1232328861951828","0.1232328861951828","20","20","20","0.1232723593711853","0.1232723593711853","0.1232723593711853","20","20","20","0.2174108624458313","0.2174108624458313","0.2174108624458313"
"271","21","21","21","0.12086281180381775","0.12086281180381775","0.12086281180381775","21","21","21","0.12091045826673508","0.12091045826673508","0.12091045826673508","21","21","21","0.21312186121940613","0.21312186121940613","0.21312186121940613"
"287","22","22","22","0.11863104999065399","0.11863104999065399","0.11863104999065399","22","22","22","0.11868546158075333","0.11868546158075333","0.11868546158075333","22","22","22","0.20856302976608276","0.20856302976608276","0.20856302976608276"
"303","24","24","24","0.11648710072040558","0.11648710072040558","0.11648710072040558","24","24","24","0.11655443161725998","0.11655443161725998","0.11655443161725998","24","24","24","0.20432521402835846","0.20432521402835846","0.20432521402835846"
"319","25","25","25","0.11482347548007965","0.11482347548007965","0.11482347548007965","25","25","25","0.11489914357662201","0.11489914357662201","0.11489914357662201","25","25","25","0.20068736374378204","0.20068736374378204","0.20068736374378204"
"335","26","26","26","0.11328297853469849","0.11328297853469849","0.11328297853469849","26","26","26","0.11336404085159302","0.11336404085159302","0.11336404085159302","26","26","26","0.19722861051559448","0.19722861051559448","0.19722861051559448"
"351","28","28","28","0.11176212877035141","0.11176212877035141","0.11176212877035141","28","28","28","0.11184487491846085","0.11184487491846085","0.11184487491846085","28","28","28","0.1933785378932953","0.1933785378932953","0.1933785378932953"
"367","29","29","29","0.11053168028593063","0.11053168028593063","0.11053168028593063","29","29","29","0.11061065644025803","0.11061065644025803","0.11061065644025803","29","29","29","0.1903197169303894","0.1903197169303894","0.1903197169303894"
"383","30","30","30","0.10932158678770065","0.10932158678770065","0.10932158678770065","30","30","30","0.10941605269908905","0.10941605269908905","0.10941605269908905","30","30","30","0.18670588731765747","0.18670588731765747","0.18670588731765747"
"399","32","32","32","0.10833878070116043","0.10833878070116043","0.10833878070116043","32","32","32","0.10843364894390106","0.10843364894390106","0.10843364894390106","32","32","32","0.1839563250541687","0.1839563250541687","0.1839563250541687"
"415","33","33","33","0.10710705816745758","0.10710705816745758","0.10710705816745758","33","33","33","0.10718128085136414","0.10718128085136414","0.10718128085136414","33","33","33","0.18124572932720184","0.18124572932720184","0.18124572932720184"
"431","34","34","34","0.10619455575942993","0.10619455575942993","0.10619455575942993","34","34","34","0.1062886044383049","0.1062886044383049","0.1062886044383049","34","34","34","0.17846158146858215","0.17846158146858215","0.17846158146858215"
"447","35","35","35","0.1053159162402153","0.1053159162402153","0.1053159162402153","35","35","35","0.10542745143175125","0.10542745143175125","0.10542745143175125","35","35","35","0.17600341141223907","0.17600341141223907","0.17600341141223907"
"463","37","37","37","0.10434524714946747","0.10434524714946747","0.10434524714946747","37","37","37","0.10446672886610031","0.10446672886610031","0.10446672886610031","37","37","37","0.17368726432323456","0.17368726432323456","0.17368726432323456"
"479","38","38","38","0.10363664478063583","0.10363664478063583","0.10363664478063583","38","38","38","0.1037404015660286","0.1037404015660286","0.1037404015660286","38","38","38","0.1712721437215805","0.1712721437215805","0.1712721437215805"
"495","39","39","39","0.10280844569206238","0.10280844569206238","0.10280844569206238","39","39","39","0.10290827602148056","0.10290827602148056","0.10290827602148056","39","39","39","0.16906525194644928","0.16906525194644928","0.16906525194644928"
"511","41","41","41","0.10208188742399216","0.10208188742399216","0.10208188742399216","41","41","41","0.10221483558416367","0.10221483558416367","0.10221483558416367","41","41","41","0.1669020652770996","0.1669020652770996","0.1669020652770996"
"527","42","42","42","0.10140687227249146","0.10140687227249146","0.10140687227249146","42","42","42","0.10153269022703171","0.10153269022703171","0.10153269022703171","42","42","42","0.16477881371974945","0.16477881371974945","0.16477881371974945"
"543","43","43","43","0.10069990158081055","0.10069990158081055","0.10069990158081055","43","43","43","0.10080525279045105","0.10080525279045105","0.10080525279045105","43","43","43","0.1631850153207779","0.1631850153207779","0.1631850153207779"
"559","45","45","45","0.10009555518627167","0.10009555518627167","0.10009555518627167","45","45","45","0.10022517293691635","0.10022517293691635","0.10022517293691635","45","45","45","0.1611776351928711","0.1611776351928711","0.1611776351928711"
"575","46","46","46","0.09944911301136017","0.09944911301136017","0.09944911301136017","46","46","46","0.09956008940935135","0.09956008940935135","0.09956008940935135","46","46","46","0.15942421555519104","0.15942421555519104","0.15942421555519104"
"591","47","47","47","0.09877321869134903","0.09877321869134903","0.09877321869134903","47","47","47","0.09887778013944626","0.09887778013944626","0.09887778013944626","47","47","47","0.15791170299053192","0.15791170299053192","0.15791170299053192"
"607","49","49","49","0.0982331857085228","0.0982331857085228","0.0982331857085228","49","49","49","0.09834510833024979","0.09834510833024979","0.09834510833024979","49","49","49","0.15621671080589294","0.15621671080589294","0.15621671080589294"
"623","50","50","50","0.09758022427558899","0.09758022427558899","0.09758022427558899","50","50","50","0.0976845771074295","0.0976845771074295","0.0976845771074295","50","50","50","0.15463994443416595","0.15463994443416595","0.15463994443416595"
"639","51","51","51","0.09715572744607925","0.09715572744607925","0.09715572744607925","51","51","51","0.09726841002702713","0.09726841002702713","0.09726841002702713","51","51","51","0.15325447916984558","0.15325447916984558","0.15325447916984558"
"655","53","53","53","0.09656161814928055","0.09656161814928055","0.09656161814928055","53","53","53","0.09667892009019852","0.09667892009019852","0.09667892009019852","53","53","53","0.15190115571022034","0.15190115571022034","0.15190115571022034"
"671","54","54","54","0.09609685093164444","0.09609685093164444","0.09609685093164444","54","54","54","0.09620343148708344","0.09620343148708344","0.09620343148708344","54","54","54","0.15060028433799744","0.15060028433799744","0.15060028433799744"
"687","55","55","55","0.09551743417978287","0.09551743417978287","0.09551743417978287","55","55","55","0.095649853348732","0.095649853348732","0.095649853348732","55","55","55","0.14931832253932953","0.14931832253932953","0.14931832253932953"
"703","57","57","57","0.09508753567934036","0.09508753567934036","0.09508753567934036","57","57","57","0.09521612524986267","0.09521612524986267","0.09521612524986267","57","57","57","0.14819534122943878","0.14819534122943878","0.14819534122943878"
"719","58","58","58","0.09461380541324615","0.09461380541324615","0.09461380541324615","58","58","58","0.09475327283143997","0.09475327283143997","0.09475327283143997","58","58","58","0.14705441892147064","0.14705441892147064","0.14705441892147064"
"735","59","59","59","0.09408997744321823","0.09408997744321823","0.09408997744321823","59","59","59","0.0942411720752716","0.0942411720752716","0.0942411720752716","59","59","59","0.14576804637908936","0.14576804637908936","0.14576804637908936"
"751","61","61","61","0.09369447827339172","0.09369447827339172","0.09369447827339172","61","61","61","0.09381667524576187","0.09381667524576187","0.09381667524576187","61","61","61","0.1446521133184433","0.1446521133184433","0.1446521133184433"
"767","62","62","62","0.09325800836086273","0.09325800836086273","0.09325800836086273","62","62","62","0.09340062737464905","0.09340062737464905","0.09340062737464905","62","62","62","0.1433616429567337","0.1433616429567337","0.1433616429567337"
"783","63","63","63","0.09279190003871918","0.09279190003871918","0.09279190003871918","63","63","63","0.09288403391838074","0.09288403391838074","0.09288403391838074","63","63","63","0.14236733317375183","0.14236733317375183","0.14236733317375183"
"799","65","65","65","0.0923234149813652","0.0923234149813652","0.0923234149813652","65","65","65","0.09248995780944824","0.09248995780944824","0.09248995780944824","65","65","65","0.14142121374607086","0.14142121374607086","0.14142121374607086"
"815","66","66","66","0.09207941591739655","0.09207941591739655","0.09207941591739655","66","66","66","0.09223762899637222","0.09223762899637222","0.09223762899637222","66","66","66","0.14047837257385254","0.14047837257385254","0.14047837257385254"
"831","67","67","67","0.09159141033887863","0.09159141033887863","0.09159141033887863","67","67","67","0.09172209352254868","0.09172209352254868","0.09172209352254868","67","67","67","0.1395772099494934","0.1395772099494934","0.1395772099494934"
"847","68","68","68","0.09113949537277222","0.09113949537277222","0.09113949537277222","68","68","68","0.09125638008117676","0.09125638008117676","0.09125638008117676","68","68","68","0.13860493898391724","0.13860493898391724","0.13860493898391724"
"863","70","70","70","0.09074663370847702","0.09074663370847702","0.09074663370847702","70","70","70","0.09087229520082474","0.09087229520082474","0.09087229520082474","70","70","70","0.13780221343040466","0.13780221343040466","0.13780221343040466"
"879","71","71","71","0.09034699946641922","0.09034699946641922","0.09034699946641922","71","71","71","0.09045778959989548","0.09045778959989548","0.09045778959989548","71","71","71","0.13687629997730255","0.13687629997730255","0.13687629997730255"
"895","72","72","72","0.09003187716007233","0.09003187716007233","0.09003187716007233","72","72","72","0.09014347195625305","0.09014347195625305","0.09014347195625305","72","72","72","0.1360248178243637","0.1360248178243637","0.1360248178243637"
"911","74","74","74","0.08960442245006561","0.08960442245006561","0.08960442245006561","74","74","74","0.08973857015371323","0.08973857015371323","0.08973857015371323","74","74","74","0.13525390625","0.13525390625","0.13525390625"
"927","75","75","75","0.08929269015789032","0.08929269015789032","0.08929269015789032","75","75","75","0.08943560719490051","0.08943560719490051","0.08943560719490051","75","75","75","0.13437442481517792","0.13437442481517792","0.13437442481517792"
"943","76","76","76","0.08886127173900604","0.08886127173900604","0.08886127173900604","76","76","76","0.08901648223400116","0.08901648223400116","0.08901648223400116","76","76","76","0.13366131484508514","0.13366131484508514","0.13366131484508514"
"959","78","78","78","0.08840499818325043","0.08840499818325043","0.08840499818325043","78","78","78","0.08857978135347366","0.08857978135347366","0.08857978135347366","78","78","78","0.13310810923576355","0.13310810923576355","0.13310810923576355"
"975","79","79","79","0.08817289769649506","0.08817289769649506","0.08817289769649506","79","79","79","0.08830570429563522","0.08830570429563522","0.08830570429563522","79","79","79","0.13223916292190552","0.13223916292190552","0.13223916292190552"
"991","80","80","80","0.08781666308641434","0.08781666308641434","0.08781666308641434","80","80","80","0.08796878904104233","0.08796878904104233","0.08796878904104233","80","80","80","0.13158097863197327","0.13158097863197327","0.13158097863197327"
"1007","82","82","82","0.08745405822992325","0.08745405822992325","0.08745405822992325","82","82","82","0.08761526644229889","0.08761526644229889","0.08761526644229889","82","82","82","0.13079595565795898","0.13079595565795898","0.13079595565795898"
"1023","83","83","83","0.08709162473678589","0.08709162473678589","0.08709162473678589","83","83","83","0.08723936975002289","0.08723936975002289","0.08723936975002289","83","83","83","0.13025011122226715","0.13025011122226715","0.13025011122226715"
"1039","84","84","84","0.08671139925718307","0.08671139925718307","0.08671139925718307","84","84","84","0.08688110113143921","0.08688110113143921","0.08688110113143921","84","84","84","0.1296408623456955","0.1296408623456955","0.1296408623456955"
"1055","86","86","86","0.08652445673942566","0.08652445673942566","0.08652445673942566","86","86","86","0.08668094873428345","0.08668094873428345","0.08668094873428345","86","86","86","0.12882201373577118","0.12882201373577118","0.12882201373577118"
"1071","87","87","87","0.0862869843840599","0.0862869843840599","0.0862869843840599","87","87","87","0.08632293343544006","0.08632293343544006","0.08632293343544006","87","87","87","0.12821227312088013","0.12821227312088013","0.12821227312088013"
"1087","88","88","88","0.08579797297716141","0.08579797297716141","0.08579797297716141","88","88","88","0.08587990701198578","0.08587990701198578","0.08587990701198578","88","88","88","0.12748436629772186","0.12748436629772186","0.12748436629772186"
"1103","90","90","90","0.08555181324481964","0.08555181324481964","0.08555181324481964","90","90","90","0.08569418638944626","0.08569418638944626","0.08569418638944626","90","90","90","0.12702341377735138","0.12702341377735138","0.12702341377735138"
"1119","91","91","91","0.08525492995977402","0.08525492995977402","0.08525492995977402","91","91","91","0.08535656332969666","0.08535656332969666","0.08535656332969666","91","91","91","0.12627747654914856","0.12627747654914856","0.12627747654914856"
"1135","92","92","92","0.08490856736898422","0.08490856736898422","0.08490856736898422","92","92","92","0.0850021094083786","0.0850021094083786","0.0850021094083786","92","92","92","0.1259266883134842","0.1259266883134842","0.1259266883134842"
"1151","94","94","94","0.08458543568849564","0.08458543568849564","0.08458543568849564","94","94","94","0.08473976701498032","0.08473976701498032","0.08473976701498032","94","94","94","0.12525518238544464","0.12525518238544464","0.12525518238544464"
"1167","95","95","95","0.08428677916526794","0.08428677916526794","0.08428677916526794","95","95","95","0.0843721404671669","0.0843721404671669","0.0843721404671669","95","95","95","0.12474484741687775","0.12474484741687775","0.12474484741687775"
"1183","96","96","96","0.08413653075695038","0.08413653075695038","0.08413653075695038","96","96","96","0.08417903631925583","0.08417903631925583","0.08417903631925583","96","96","96","0.12423460185527802","0.12423460185527802","0.12423460185527802"
"1199","98","98","98","0.08373453468084335","0.08373453468084335","0.08373453468084335","98","98","98","0.08381634950637817","0.08381634950637817","0.08381634950637817","98","98","98","0.12374769151210785","0.12374769151210785","0.12374769151210785"
"1215","99","99","99","0.08336716145277023","0.08336716145277023","0.08336716145277023","99","99","99","0.08351171016693115","0.08351171016693115","0.08351171016693115","99","99","99","0.12324164062738419","0.12324164062738419","0.12324164062738419"
"1231","100","100","100","0.08311040699481964","0.08311040699481964","0.08311040699481964","100","100","100","0.083299420773983","0.083299420773983","0.083299420773983","100","100","100","0.12260488420724869","0.12260488420724869","0.12260488420724869"
"1247","101","101","101","0.08286985009908676","0.08286985009908676","0.08286985009908676","101","101","101","0.08296647667884827","0.08296647667884827","0.08296647667884827","101","101","101","0.12225654721260071","0.12225654721260071","0.12225654721260071"
"1263","103","103","103","0.08251767605543137","0.08251767605543137","0.08251767605543137","103","103","103","0.08266070485115051","0.08266070485115051","0.08266070485115051","103","103","103","0.12163868546485901","0.12163868546485901","0.12163868546485901"
"1279","104","104","104","0.08233015239238739","0.08233015239238739","0.08233015239238739","104","104","104","0.08247887343168259","0.08247887343168259","0.08247887343168259","104","104","104","0.12116889655590057","0.12116889655590057","0.12116889655590057"
"1295","105","105","105","0.08200067281723022","0.08200067281723022","0.08200067281723022","105","105","105","0.08210397511720657","0.08210397511720657","0.08210397511720657","105","105","105","0.1206682100892067","0.1206682100892067","0.1206682100892067"
"1311","107","107","107","0.08170326799154282","0.08170326799154282","0.08170326799154282","107","107","107","0.08180056512355804","0.08180056512355804","0.08180056512355804","107","107","107","0.12037298083305359","0.12037298083305359","0.12037298083305359"
"1327","108","108","108","0.08142276853322983","0.08142276853322983","0.08142276853322983","108","108","108","0.08155729621648788","0.08155729621648788","0.08155729621648788","108","108","108","0.11985792964696884","0.11985792964696884","0.11985792964696884"
"1343","109","109","109","0.08105681836605072","0.08105681836605072","0.08105681836605072","109","109","109","0.08120450377464294","0.08120450377464294","0.08120450377464294","109","109","109","0.11928695440292358","0.11928695440292358","0.11928695440292358"
"1359","111","111","111","0.08089276403188705","0.08089276403188705","0.08089276403188705","111","111","111","0.08103489130735397","0.08103489130735397","0.08103489130735397","111","111","111","0.11894574761390686","0.11894574761390686","0.11894574761390686"
"1375","112","112","112","0.08060626685619354","0.08060626685619354","0.08060626685619354","112","112","112","0.08071985095739365","0.08071985095739365","0.08071985095739365","112","112","112","0.11843112111091614","0.11843112111091614","0.11843112111091614"
"1391","113","113","113","0.0804164856672287","0.0804164856672287","0.0804164856672287","113","113","113","0.08051247149705887","0.08051247149705887","0.08051247149705887","113","113","113","0.11802380532026291","0.11802380532026291","0.11802380532026291"
"1407","115","115","115","0.08006428182125092","0.08006428182125092","0.08006428182125092","115","115","115","0.08017770200967789","0.08017770200967789","0.08017770200967789","115","115","115","0.11754215508699417","0.11754215508699417","0.11754215508699417"
"1423","116","116","116","0.07982823252677917","0.07982823252677917","0.07982823252677917","116","116","116","0.0799713060259819","0.0799713060259819","0.0799713060259819","116","116","116","0.1173785999417305","0.1173785999417305","0.1173785999417305"
"1439","117","117","117","0.07959404587745667","0.07959404587745667","0.07959404587745667","117","117","117","0.07969880849123001","0.07969880849123001","0.07969880849123001","117","117","117","0.11680793762207031","0.11680793762207031","0.11680793762207031"
"1455","119","119","119","0.07931078970432281","0.07931078970432281","0.07931078970432281","119","119","119","0.07943836599588394","0.07943836599588394","0.07943836599588394","119","119","119","0.11650198698043823","0.11650198698043823","0.11650198698043823"
"1471","120","120","120","0.07909953594207764","0.07909953594207764","0.07909953594207764","120","120","120","0.07920616865158081","0.07920616865158081","0.07920616865158081","120","120","120","0.11628852039575577","0.11628852039575577","0.11628852039575577"
"1487","121","121","121","0.07882024347782135","0.07882024347782135","0.07882024347782135","121","121","121","0.07891945540904999","0.07891945540904999","0.07891945540904999","121","121","121","0.11571443825960159","0.11571443825960159","0.11571443825960159"
"1503","123","123","123","0.07866835594177246","0.07866835594177246","0.07866835594177246","123","123","123","0.07873930037021637","0.07873930037021637","0.07873930037021637","123","123","123","0.11531483381986618","0.11531483381986618","0.11531483381986618"
"1519","124","124","124","0.07838378101587296","0.07838378101587296","0.07838378101587296","124","124","124","0.07845820486545563","0.07845820486545563","0.07845820486545563","124","124","124","0.11495845019817352","0.11495845019817352","0.11495845019817352"
"1535","125","125","125","0.07819761335849762","0.07819761335849762","0.07819761335849762","125","125","125","0.07821773737668991","0.07821773737668991","0.07821773737668991","125","125","125","0.11452373117208481","0.11452373117208481","0.11452373117208481"
"1551","127","127","127","0.07787144929170609","0.07787144929170609","0.07787144929170609","127","127","127","0.07802484929561615","0.07802484929561615","0.07802484929561615","127","127","127","0.1143108606338501","0.1143108606338501","0.1143108606338501"
"1567","128","128","128","0.0776633769273758","0.0776633769273758","0.0776633769273758","128","128","128","0.07778096199035645","0.07778096199035645","0.07778096199035645","128","128","128","0.11374188214540482","0.11374188214540482","0.11374188214540482"
"1583","129","129","129","0.0772881731390953","0.0772881731390953","0.0772881731390953","129","129","129","0.07741015404462814","0.07741015404462814","0.07741015404462814","129","129","129","0.11363827437162399","0.11363827437162399","0.11363827437162399"
"1599","131","131","131","0.07716070860624313","0.07716070860624313","0.07716070860624313","131","131","131","0.07728166878223419","0.07728166878223419","0.07728166878223419","131","131","131","0.11323554068803787","0.11323554068803787","0.11323554068803787"
"1615","132","132","132","0.07709366828203201","0.07709366828203201","0.07709366828203201","132","132","132","0.07713651657104492","0.07713651657104492","0.07713651657104492","132","132","132","0.11287522315979004","0.11287522315979004","0.11287522315979004"
"1631","133","133","133","0.0768861398100853","0.0768861398100853","0.0768861398100853","133","133","133","0.07686637341976166","0.07686637341976166","0.07686637341976166","133","133","133","0.11265134066343307","0.11265134066343307","0.11265134066343307"
"1647","134","134","134","0.07676882296800613","0.07676882296800613","0.07676882296800613","134","134","134","0.07661253213882446","0.07661253213882446","0.07661253213882446","134","134","134","0.11215764284133911","0.11215764284133911","0.11215764284133911"
"1663","136","136","136","0.07638807594776154","0.07638807594776154","0.07638807594776154","136","136","136","0.07644481211900711","0.07644481211900711","0.07644481211900711","136","136","136","0.11186052113771439","0.11186052113771439","0.11186052113771439"
"1679","137","137","137","0.07605130225419998","0.07605130225419998","0.07605130225419998","137","137","137","0.07619189471006393","0.07619189471006393","0.07619189471006393","137","137","137","0.11164343357086182","0.11164343357086182","0.11164343357086182"
"1695","138","138","138","0.0757504403591156","0.0757504403591156","0.0757504403591156","138","138","138","0.07585557550191879","0.07585557550191879","0.07585557550191879","138","138","138","0.11131411790847778","0.11131411790847778","0.11131411790847778"
"1711","140","140","140","0.07564057409763336","0.07564057409763336","0.07564057409763336","140","140","140","0.0757128968834877","0.0757128968834877","0.0757128968834877","140","140","140","0.11090697348117828","0.11090697348117828","0.11090697348117828"
"1727","141","141","141","0.07536286860704422","0.07536286860704422","0.07536286860704422","141","141","141","0.07545757293701172","0.07545757293701172","0.07545757293701172","141","141","141","0.11061501502990723","0.11061501502990723","0.11061501502990723"
"1743","142","142","142","0.07516249269247055","0.07516249269247055","0.07516249269247055","142","142","142","0.07531712204217911","0.07531712204217911","0.07531712204217911","142","142","142","0.11032038927078247","0.11032038927078247","0.11032038927078247"
"1759","144","144","144","0.07498500496149063","0.07498500496149063","0.07498500496149063","144","144","144","0.07505210489034653","0.07505210489034653","0.07505210489034653","144","144","144","0.11005719006061554","0.11005719006061554","0.11005719006061554"
"1775","145","145","145","0.07470864802598953","0.07470864802598953","0.07470864802598953","145","145","145","0.07480665296316147","0.07480665296316147","0.07480665296316147","145","145","145","0.10974672436714172","0.10974672436714172","0.10974672436714172"
"1791","146","146","146","0.07460293918848038","0.07460293918848038","0.07460293918848038","146","146","146","0.07467129081487656","0.07467129081487656","0.07467129081487656","146","146","146","0.10939954221248627","0.10939954221248627","0.10939954221248627"
"1807","148","148","148","0.07450234144926071","0.07450234144926071","0.07450234144926071","148","148","148","0.0744817703962326","0.0744817703962326","0.0744817703962326","148","148","148","0.10905910283327103","0.10905910283327103","0.10905910283327103"
"1823","149","149","149","0.074319027364254","0.074319027364254","0.074319027364254","149","149","149","0.07433620095252991","0.07433620095252991","0.07433620095252991","149","149","149","0.10889334976673126","0.10889334976673126","0.10889334976673126"
"1839","150","150","150","0.0739273875951767","0.0739273875951767","0.0739273875951767","150","150","150","0.07399819046258926","0.07399819046258926","0.07399819046258926","150","150","150","0.10866047441959381","0.10866047441959381","0.10866047441959381"
"1855","152","152","152","0.07376598566770554","0.07376598566770554","0.07376598566770554","152","152","152","0.07385566830635071","0.07385566830635071","0.07385566830635071","152","152","152","0.10829728096723557","0.10829728096723557","0.10829728096723557"
"1871","153","153","153","0.07353632897138596","0.07353632897138596","0.07353632897138596","153","153","153","0.07360517978668213","0.07360517978668213","0.07360517978668213","153","153","153","0.10801701992750168","0.10801701992750168","0.10801701992750168"
"1887","154","154","154","0.07329888641834259","0.07329888641834259","0.07329888641834259","154","154","154","0.07334166765213013","0.07334166765213013","0.07334166765213013","154","154","154","0.10782026499509811","0.10782026499509811","0.10782026499509811"
"1903","156","156","156","0.07318682968616486","0.07318682968616486","0.07318682968616486","156","156","156","0.07326847314834595","0.07326847314834595","0.07326847314834595","156","156","156","0.10746989399194717","0.10746989399194717","0.10746989399194717"
"1919","157","157","157","0.07298191636800766","0.07298191636800766","0.07298191636800766","157","157","157","0.07311590760946274","0.07311590760946274","0.07311590760946274","157","157","157","0.10729055106639862","0.10729055106639862","0.10729055106639862"
"1935","158","158","158","0.07287166267633438","0.07287166267633438","0.07287166267633438","158","158","158","0.07293161004781723","0.07293161004781723","0.07293161004781723","158","158","158","0.10697617381811142","0.10697617381811142","0.10697617381811142"
"1951","160","160","160","0.07256249338388443","0.07256249338388443","0.07256249338388443","160","160","160","0.07264035940170288","0.07264035940170288","0.07264035940170288","160","160","160","0.10663095861673355","0.10663095861673355","0.10663095861673355"
"1967","161","161","161","0.07253126055002213","0.07253126055002213","0.07253126055002213","161","161","161","0.07244906574487686","0.07244906574487686","0.07244906574487686","161","161","161","0.10644222795963287","0.10644222795963287","0.10644222795963287"
"1983","162","162","162","0.07235845923423767","0.07235845923423767","0.07235845923423767","162","162","162","0.07233677804470062","0.07233677804470062","0.07233677804470062","162","162","162","0.10618524253368378","0.10618524253368378","0.10618524253368378"
"1999","164","164","164","0.0721513032913208","0.0721513032913208","0.0721513032913208","164","164","164","0.07216876745223999","0.07216876745223999","0.07216876745223999","164","164","164","0.10598333179950714","0.10598333179950714","0.10598333179950714"
"2015","165","165","165","0.07195918262004852","0.07195918262004852","0.07195918262004852","165","165","165","0.07187992334365845","0.07187992334365845","0.07187992334365845","165","165","165","0.10560747236013412","0.10560747236013412","0.10560747236013412"
"2031","166","166","166","0.07173044979572296","0.07173044979572296","0.07173044979572296","166","166","166","0.07168332487344742","0.07168332487344742","0.07168332487344742","166","166","166","0.10540635883808136","0.10540635883808136","0.10540635883808136"
"2047","167","167","167","0.07153020054101944","0.07153020054101944","0.07153020054101944","167","167","167","0.07154426723718643","0.07154426723718643","0.07154426723718643","167","167","167","0.10525424778461456","0.10525424778461456","0.10525424778461456"
"2063","169","169","169","0.07142870873212814","0.07142870873212814","0.07142870873212814","169","169","169","0.07135101407766342","0.07135101407766342","0.07135101407766342","169","169","169","0.10480997711420059","0.10480997711420059","0.10480997711420059"
"2079","170","170","170","0.07114239037036896","0.07114239037036896","0.07114239037036896","170","170","170","0.07120275497436523","0.07120275497436523","0.07120275497436523","170","170","170","0.10468395054340363","0.10468395054340363","0.10468395054340363"
"2095","171","171","171","0.07090149074792862","0.07090149074792862","0.07090149074792862","171","171","171","0.07094694674015045","0.07094694674015045","0.07094694674015045","171","171","171","0.10438381880521774","0.10438381880521774","0.10438381880521774"
"2111","173","173","173","0.07078327238559723","0.07078327238559723","0.07078327238559723","173","173","173","0.07078869640827179","0.07078869640827179","0.07078869640827179","173","173","173","0.10415069013834","0.10415069013834","0.10415069013834"
"2127","174","174","174","0.07061579078435898","0.07061579078435898","0.07061579078435898","174","174","174","0.0706288293004036","0.0706288293004036","0.0706288293004036","174","174","174","0.10384811460971832","0.10384811460971832","0.10384811460971832"
"2143","175","175","175","0.07051766663789749","0.07051766663789749","0.07051766663789749","175","175","175","0.07054165750741959","0.07054165750741959","0.07054165750741959","175","175","175","0.10368070751428604","0.10368070751428604","0.10368070751428604"
"2159","177","177","177","0.0703074187040329","0.0703074187040329","0.0703074187040329","177","177","177","0.07032690197229385","0.07032690197229385","0.07032690197229385","177","177","177","0.1036115437746048","0.1036115437746048","0.1036115437746048"
"2175","178","178","178","0.07009398937225342","0.07009398937225342","0.07009398937225342","178","178","178","0.07009025663137436","0.07009025663137436","0.07009025663137436","178","178","178","0.10324320197105408","0.10324320197105408","0.10324320197105408"
"2191","179","179","179","0.0700729712843895","0.0700729712843895","0.0700729712843895","179","179","179","0.06996649503707886","0.06996649503707886","0.06996649503707886","179","179","179","0.10306986421346664","0.10306986421346664","0.10306986421346664"
"2207","181","181","181","0.0700157955288887","0.0700157955288887","0.0700157955288887","181","181","181","0.06978937983512878","0.06978937983512878","0.06978937983512878","181","181","181","0.10293292999267578","0.10293292999267578","0.10293292999267578"
"2223","182","182","182","0.06982278823852539","0.06982278823852539","0.06982278823852539","182","182","182","0.06964951753616333","0.06964951753616333","0.06964951753616333","182","182","182","0.10265042632818222","0.10265042632818222","0.10265042632818222"
"2239","183","183","183","0.06939776986837387","0.06939776986837387","0.06939776986837387","183","183","183","0.06943568587303162","0.06943568587303162","0.06943568587303162","183","183","183","0.10231967270374298","0.10231967270374298","0.10231967270374298"
"2255","185","185","185","0.06929256021976471","0.06929256021976471","0.06929256021976471","185","185","185","0.06929116696119308","0.06929116696119308","0.06929116696119308","185","185","185","0.10211551934480667","0.10211551934480667","0.10211551934480667"
"2271","186","186","186","0.06895076483488083","0.06895076483488083","0.06895076483488083","186","186","186","0.06902360171079636","0.06902360171079636","0.06902360171079636","186","186","186","0.10192159563302994","0.10192159563302994","0.10192159563302994"
"2287","187","187","187","0.06900684535503387","0.06900684535503387","0.06900684535503387","187","187","187","0.06897154450416565","0.06897154450416565","0.06897154450416565","187","187","187","0.10166720300912857","0.10166720300912857","0.10166720300912857"
"2303","189","189","189","0.0687280222773552","0.0687280222773552","0.0687280222773552","189","189","189","0.06874682009220123","0.06874682009220123","0.06874682009220123","189","189","189","0.10174340754747391","0.10174340754747391","0.10174340754747391"
"2319","190","190","190","0.06881143897771835","0.06881143897771835","0.06881143897771835","190","190","190","0.06867888569831848","0.06867888569831848","0.06867888569831848","190","190","190","0.10137084871530533","0.10137084871530533","0.10137084871530533"
"2335","191","191","191","0.06846211850643158","0.06846211850643158","0.06846211850643158","191","191","191","0.06835237890481949","0.06835237890481949","0.06835237890481949","191","191","191","0.1011064425110817","0.1011064425110817","0.1011064425110817"
"2351","193","193","193","0.06825637817382812","0.06825637817382812","0.06825637817382812","193","193","193","0.0682472437620163","0.0682472437620163","0.0682472437620163","193","193","193","0.10095085203647614","0.10095085203647614","0.10095085203647614"
"2367","194","194","194","0.06807932257652283","0.06807932257652283","0.06807932257652283","194","194","194","0.06804849207401276","0.06804849207401276","0.06804849207401276","194","194","194","0.10065765678882599","0.10065765678882599","0.10065765678882599"
"2383","195","195","195","0.06803682446479797","0.06803682446479797","0.06803682446479797","195","195","195","0.0679331123828888","0.0679331123828888","0.0679331123828888","195","195","195","0.10039067268371582","0.10039067268371582","0.10039067268371582"
"2399","197","197","197","0.06798925995826721","0.06798925995826721","0.06798925995826721","197","197","197","0.06779894232749939","0.06779894232749939","0.06779894232749939","197","197","197","0.10028786212205887","0.10028786212205887","0.10028786212205887"
"2415","198","198","198","0.06776030361652374","0.06776030361652374","0.06776030361652374","198","198","198","0.0676666796207428","0.0676666796207428","0.0676666796207428","198","198","198","0.10009729862213135","0.10009729862213135","0.10009729862213135"
"2431","199","199","199","0.06748971343040466","0.06748971343040466","0.06748971343040466","199","199","199","0.06746046245098114","0.06746046245098114","0.06746046245098114","199","199","199","0.0998741164803505","0.0998741164803505","0.0998741164803505"
"2447","200","200","200","0.06732602417469025","0.06732602417469025","0.06732602417469025","200","200","200","0.0672488659620285","0.0672488659620285","0.0672488659620285","200","200","200","0.0997333824634552","0.0997333824634552","0.0997333824634552"
"2463","202","202","202","0.0671890377998352","0.0671890377998352","0.0671890377998352","202","202","202","0.0671054944396019","0.0671054944396019","0.0671054944396019","202","202","202","0.09973859786987305","0.09973859786987305","0.09973859786987305"
"2479","203","203","203","0.06707803159952164","0.06707803159952164","0.06707803159952164","203","203","203","0.06702051311731339","0.06702051311731339","0.06702051311731339","203","203","203","0.09937164187431335","0.09937164187431335","0.09937164187431335"
"2495","204","204","204","0.06680743396282196","0.06680743396282196","0.06680743396282196","204","204","204","0.06682384014129639","0.06682384014129639","0.06682384014129639","204","204","204","0.0990530401468277","0.0990530401468277","0.0990530401468277"
"2511","206","206","206","0.06673728674650192","0.06673728674650192","0.06673728674650192","206","206","206","0.06670703738927841","0.06670703738927841","0.06670703738927841","206","206","206","0.09881740808486938","0.09881740808486938","0.09881740808486938"
"2527","207","207","207","0.06661108136177063","0.06661108136177063","0.06661108136177063","207","207","207","0.0664796233177185","0.0664796233177185","0.0664796233177185","207","207","207","0.09876850247383118","0.09876850247383118","0.09876850247383118"
"2543","208","208","208","0.06644445657730103","0.06644445657730103","0.06644445657730103","208","208","208","0.0663600042462349","0.0663600042462349","0.0663600042462349","208","208","208","0.09844981133937836","0.09844981133937836","0.09844981133937836"
"2559","210","210","210","0.06640888750553131","0.06640888750553131","0.06640888750553131","210","210","210","0.06625260412693024","0.06625260412693024","0.06625260412693024","210","210","210","0.0982351154088974","0.0982351154088974","0.0982351154088974"
"2575","211","211","211","0.06614203006029129","0.06614203006029129","0.06614203006029129","211","211","211","0.0660802572965622","0.0660802572965622","0.0660802572965622","211","211","211","0.09815580397844315","0.09815580397844315","0.09815580397844315"
"2591","212","212","212","0.06599807739257812","0.06599807739257812","0.06599807739257812","212","212","212","0.0658860057592392","0.0658860057592392","0.0658860057592392","212","212","212","0.09794817119836807","0.09794817119836807","0.09794817119836807"
"2607","214","214","214","0.06589856743812561","0.06589856743812561","0.06589856743812561","214","214","214","0.06581254303455353","0.06581254303455353","0.06581254303455353","214","214","214","0.09766187518835068","0.09766187518835068","0.09766187518835068"
"2623","215","215","215","0.06591541320085526","0.06591541320085526","0.06591541320085526","215","215","215","0.06554451584815979","0.06554451584815979","0.06554451584815979","215","215","215","0.09757846593856812","0.09757846593856812","0.09757846593856812"
"2639","216","216","216","0.06569349020719528","0.06569349020719528","0.06569349020719528","216","216","216","0.06550844758749008","0.06550844758749008","0.06550844758749008","216","216","216","0.09736063331365585","0.09736063331365585","0.09736063331365585"
"2655","218","218","218","0.06539336591959","0.06539336591959","0.06539336591959","218","218","218","0.06529165804386139","0.06529165804386139","0.06529165804386139","218","218","218","0.09720324724912643","0.09720324724912643","0.09720324724912643"
"2671","219","219","219","0.06563560664653778","0.06563560664653778","0.06563560664653778","219","219","219","0.06517532467842102","0.06517532467842102","0.06517532467842102","219","219","219","0.09693144261837006","0.09693144261837006","0.09693144261837006"
"2687","220","220","220","0.06509486585855484","0.06509486585855484","0.06509486585855484","220","220","220","0.0650322437286377","0.0650322437286377","0.0650322437286377","220","220","220","0.09685283154249191","0.09685283154249191","0.09685283154249191"
"2703","222","222","222","0.06511851400136948","0.06511851400136948","0.06511851400136948","222","222","222","0.06496571004390717","0.06496571004390717","0.06496571004390717","222","222","222","0.09668179601430893","0.09668179601430893","0.09668179601430893"
"2719","223","223","223","0.06490392982959747","0.06490392982959747","0.06490392982959747","223","223","223","0.06481688469648361","0.06481688469648361","0.06481688469648361","223","223","223","0.09658338129520416","0.09658338129520416","0.09658338129520416"
"2735","224","224","224","0.06488652527332306","0.06488652527332306","0.06488652527332306","224","224","224","0.06452903896570206","0.06452903896570206","0.06452903896570206","224","224","224","0.09631944447755814","0.09631944447755814","0.09631944447755814"
"2751","226","226","226","0.06464100629091263","0.06464100629091263","0.06464100629091263","226","226","226","0.06445467472076416","0.06445467472076416","0.06445467472076416","226","226","226","0.09609757363796234","0.09609757363796234","0.09609757363796234"
"2767","227","227","227","0.06444583088159561","0.06444583088159561","0.06444583088159561","227","227","227","0.06430070847272873","0.06430070847272873","0.06430070847272873","227","227","227","0.09609484672546387","0.09609484672546387","0.09609484672546387"
"2783","228","228","228","0.06432374566793442","0.06432374566793442","0.06432374566793442","228","228","228","0.06419262290000916","0.06419262290000916","0.06419262290000916","228","228","228","0.09602370858192444","0.09602370858192444","0.09602370858192444"
"2799","230","230","230","0.06415142863988876","0.06415142863988876","0.06415142863988876","230","230","230","0.06401999294757843","0.06401999294757843","0.06401999294757843","230","230","230","0.09591026604175568","0.09591026604175568","0.09591026604175568"
"2815","231","231","231","0.06399459391832352","0.06399459391832352","0.06399459391832352","231","231","231","0.06393592804670334","0.06393592804670334","0.06393592804670334","231","231","231","0.09552282840013504","0.09552282840013504","0.09552282840013504"
"2831","232","232","232","0.06382863968610764","0.06382863968610764","0.06382863968610764","232","232","232","0.06374915689229965","0.06374915689229965","0.06374915689229965","232","232","232","0.09531407058238983","0.09531407058238983","0.09531407058238983"
"2847","233","233","233","0.06379514932632446","0.06379514932632446","0.06379514932632446","233","233","233","0.0636015459895134","0.0636015459895134","0.0636015459895134","233","233","233","0.0952441468834877","0.0952441468834877","0.0952441468834877"
"2863","235","235","235","0.06371887773275375","0.06371887773275375","0.06371887773275375","235","235","235","0.06344489753246307","0.06344489753246307","0.06344489753246307","235","235","235","0.09481678903102875","0.09481678903102875","0.09481678903102875"
"2879","236","236","236","0.06346581876277924","0.06346581876277924","0.06346581876277924","236","236","236","0.06334596872329712","0.06334596872329712","0.06334596872329712","236","236","236","0.09482204169034958","0.09482204169034958","0.09482204169034958"
"2895","237","237","237","0.06355685740709305","0.06355685740709305","0.06355685740709305","237","237","237","0.06324873119592667","0.06324873119592667","0.06324873119592667","237","237","237","0.09478278458118439","0.09478278458118439","0.09478278458118439"
"2911","239","239","239","0.06365716457366943","0.06365716457366943","0.06365716457366943","239","239","239","0.06303340196609497","0.06303340196609497","0.06303340196609497","239","239","239","0.09456285089254379","0.09456285089254379","0.09456285089254379"
"2927","240","240","240","0.0633271113038063","0.0633271113038063","0.0633271113038063","240","240","240","0.06288107484579086","0.06288107484579086","0.06288107484579086","240","240","240","0.09415479004383087","0.09415479004383087","0.09415479004383087"
"2943","241","241","241","0.06321072578430176","0.06321072578430176","0.06321072578430176","241","241","241","0.06281322240829468","0.06281322240829468","0.06281322240829468","241","241","241","0.094109907746315","0.094109907746315","0.094109907746315"
"2959","243","243","243","0.0632021576166153","0.0632021576166153","0.0632021576166153","243","243","243","0.06268119812011719","0.06268119812011719","0.06268119812011719","243","243","243","0.09411431849002838","0.09411431849002838","0.09411431849002838"
"2975","244","244","244","0.06288124620914459","0.06288124620914459","0.06288124620914459","244","244","244","0.06257709115743637","0.06257709115743637","0.06257709115743637","244","244","244","0.09384462237358093","0.09384462237358093","0.09384462237358093"
"2991","245","245","245","0.06261298060417175","0.06261298060417175","0.06261298060417175","245","245","245","0.062448933720588684","0.062448933720588684","0.062448933720588684","245","245","245","0.09349635243415833","0.09349635243415833","0.09349635243415833"
"3007","247","247","247","0.06296578049659729","0.06296578049659729","0.06296578049659729","247","247","247","0.062418848276138306","0.062418848276138306","0.062418848276138306","247","247","247","0.09339243918657303","0.09339243918657303","0.09339243918657303"
"3023","248","248","248","0.062371931970119476","0.062371931970119476","0.062371931970119476","248","248","248","0.062136948108673096","0.062136948108673096","0.062136948108673096","248","248","248","0.0932944044470787","0.0932944044470787","0.0932944044470787"
"3039","249","249","249","0.062169961631298065","0.062169961631298065","0.062169961631298065","249","249","249","0.06201542541384697","0.06201542541384697","0.06201542541384697","249","249","249","0.09315593540668488","0.09315593540668488","0.09315593540668488"
"3055","251","251","251","0.061974845826625824","0.061974845826625824","0.061974845826625824","251","251","251","0.0617944709956646","0.0617944709956646","0.0617944709956646","251","251","251","0.09293010830879211","0.09293010830879211","0.09293010830879211"
"3071","252","252","252","0.06192219257354736","0.06192219257354736","0.06192219257354736","252","252","252","0.061740461736917496","0.061740461736917496","0.061740461736917496","252","252","252","0.09275069832801819","0.09275069832801819","0.09275069832801819"
"3087","253","253","253","0.06191244721412659","0.06191244721412659","0.06191244721412659","253","253","253","0.06156546622514725","0.06156546622514725","0.06156546622514725","253","253","253","0.09277396649122238","0.09277396649122238","0.09277396649122238"
"3103","255","255","255","0.06177667900919914","0.06177667900919914","0.06177667900919914","255","255","255","0.06144866719841957","0.06144866719841957","0.06144866719841957","255","255","255","0.09244728088378906","0.09244728088378906","0.09244728088378906"
"3119","256","256","256","0.06153653562068939","0.06153653562068939","0.06153653562068939","256","256","256","0.061330970376729965","0.061330970376729965","0.061330970376729965","256","256","256","0.09237842261791229","0.09237842261791229","0.09237842261791229"
"3135","257","257","257","0.06149207428097725","0.06149207428097725","0.06149207428097725","257","257","257","0.06126277521252632","0.06126277521252632","0.06126277521252632","257","257","257","0.09229028970003128","0.09229028970003128","0.09229028970003128"
"3151","259","259","259","0.06155891716480255","0.06155891716480255","0.06155891716480255","259","259","259","0.061115797609090805","0.061115797609090805","0.061115797609090805","259","259","259","0.09209886193275452","0.09209886193275452","0.09209886193275452"
"3167","260","260","260","0.061310775578022","0.061310775578022","0.061310775578022","260","260","260","0.060933999717235565","0.060933999717235565","0.060933999717235565","260","260","260","0.09224308282136917","0.09224308282136917","0.09224308282136917"
"3183","261","261","261","0.061071451753377914","0.061071451753377914","0.061071451753377914","261","261","261","0.06083011254668236","0.06083011254668236","0.06083011254668236","261","261","261","0.09241204708814621","0.09241204708814621","0.09241204708814621"
"3199","263","263","263","0.06087857112288475","0.06087857112288475","0.06087857112288475","263","263","263","0.06072673946619034","0.06072673946619034","0.06072673946619034","263","263","263","0.09197257459163666","0.09197257459163666","0.09197257459163666"
"3215","264","264","264","0.0607176311314106","0.0607176311314106","0.0607176311314106","264","264","264","0.06053134799003601","0.06053134799003601","0.06053134799003601","264","264","264","0.09127744287252426","0.09127744287252426","0.09127744287252426"
"3231","265","265","265","0.06056526303291321","0.06056526303291321","0.06056526303291321","265","265","265","0.0603497214615345","0.0603497214615345","0.0603497214615345","265","265","265","0.09119707345962524","0.09119707345962524","0.09119707345962524"
"3247","266","266","266","0.060496941208839417","0.060496941208839417","0.060496941208839417","266","266","266","0.06024612486362457","0.06024612486362457","0.06024612486362457","266","266","266","0.09096833318471909","0.09096833318471909","0.09096833318471909"
"3263","268","268","268","0.060470208525657654","0.060470208525657654","0.060470208525657654","268","268","268","0.06019427254796028","0.06019427254796028","0.06019427254796028","268","268","268","0.09097003191709518","0.09097003191709518","0.09097003191709518"
"3279","269","269","269","0.06032392755150795","0.06032392755150795","0.06032392755150795","269","269","269","0.060042452067136765","0.060042452067136765","0.060042452067136765","269","269","269","0.090790756046772","0.090790756046772","0.090790756046772"
"3295","270","270","270","0.060328371822834015","0.060328371822834015","0.060328371822834015","270","270","270","0.059924110770225525","0.059924110770225525","0.059924110770225525","270","270","270","0.09125113487243652","0.09125113487243652","0.09125113487243652"
"3311","272","272","272","0.06036954000592232","0.06036954000592232","0.06036954000592232","272","272","272","0.05974608659744263","0.05974608659744263","0.05974608659744263","272","272","272","0.09073907136917114","0.09073907136917114","0.09073907136917114"
"3327","273","273","273","0.060099419206380844","0.060099419206380844","0.060099419206380844","273","273","273","0.05965040251612663","0.05965040251612663","0.05965040251612663","273","273","273","0.09044697880744934","0.09044697880744934","0.09044697880744934"
"3343","274","274","274","0.059958700090646744","0.059958700090646744","0.059958700090646744","274","274","274","0.0594724640250206","0.0594724640250206","0.0594724640250206","274","274","274","0.09021560847759247","0.09021560847759247","0.09021560847759247"
"3359","276","276","276","0.059680186212062836","0.059680186212062836","0.059680186212062836","276","276","276","0.05937131121754646","0.05937131121754646","0.05937131121754646","276","276","276","0.09002873301506042","0.09002873301506042","0.09002873301506042"
"3375","277","277","277","0.059750963002443314","0.059750963002443314","0.059750963002443314","277","277","277","0.05927103012800217","0.05927103012800217","0.05927103012800217","277","277","277","0.08995497226715088","0.08995497226715088","0.08995497226715088"
"3391","278","278","278","0.05954650416970253","0.05954650416970253","0.05954650416970253","278","278","278","0.05917471647262573","0.05917471647262573","0.05917471647262573","278","278","278","0.08974295854568481","0.08974295854568481","0.08974295854568481"
"3407","280","280","280","0.059375301003456116","0.059375301003456116","0.059375301003456116","280","280","280","0.05907852202653885","0.05907852202653885","0.05907852202653885","280","280","280","0.08960294723510742","0.08960294723510742","0.08960294723510742"
"3423","281","281","281","0.0592302568256855","0.0592302568256855","0.0592302568256855","281","281","281","0.058992452919483185","0.058992452919483185","0.058992452919483185","281","281","281","0.08933789283037186","0.08933789283037186","0.08933789283037186"
"3439","282","282","282","0.05907827243208885","0.05907827243208885","0.05907827243208885","282","282","282","0.05889653041958809","0.05889653041958809","0.05889653041958809","282","282","282","0.08946658670902252","0.08946658670902252","0.08946658670902252"
"3455","284","284","284","0.05889992043375969","0.05889992043375969","0.05889992043375969","284","284","284","0.05871595814824104","0.05871595814824104","0.05871595814824104","284","284","284","0.0891239196062088","0.0891239196062088","0.0891239196062088"
"3471","285","285","285","0.05887764319777489","0.05887764319777489","0.05887764319777489","285","285","285","0.0585835762321949","0.0585835762321949","0.0585835762321949","285","285","285","0.08927007764577866","0.08927007764577866","0.08927007764577866"
"3487","286","286","286","0.05892535671591759","0.05892535671591759","0.05892535671591759","286","286","286","0.058492328971624374","0.058492328971624374","0.058492328971624374","286","286","286","0.08926580846309662","0.08926580846309662","0.08926580846309662"
"3503","288","288","288","0.058873604983091354","0.058873604983091354","0.058873604983091354","288","288","288","0.05846947804093361","0.05846947804093361","0.05846947804093361","288","288","288","0.08969775587320328","0.08969775587320328","0.08969775587320328"
"3519","289","289","289","0.05846234783530235","0.05846234783530235","0.05846234783530235","289","289","289","0.05814508721232414","0.05814508721232414","0.05814508721232414","289","289","289","0.08852443844079971","0.08852443844079971","0.08852443844079971"
"3535","290","290","290","0.058368705213069916","0.058368705213069916","0.058368705213069916","290","290","290","0.05810212343931198","0.05810212343931198","0.05810212343931198","290","290","290","0.08857880532741547","0.08857880532741547","0.08857880532741547"
"3551","292","292","292","0.0584571473300457","0.0584571473300457","0.0584571473300457","292","292","292","0.057970982044935226","0.057970982044935226","0.057970982044935226","292","292","292","0.08828485757112503","0.08828485757112503","0.08828485757112503"
"3567","293","293","293","0.05809928476810455","0.05809928476810455","0.05809928476810455","293","293","293","0.05785573273897171","0.05785573273897171","0.05785573273897171","293","293","293","0.08819156885147095","0.08819156885147095","0.08819156885147095"
"3583","294","294","294","0.0581381693482399","0.0581381693482399","0.0581381693482399","294","294","294","0.05779341980814934","0.05779341980814934","0.05779341980814934","294","294","294","0.08788926899433136","0.08788926899433136","0.08788926899433136"
"3599","296","296","296","0.058004606515169144","0.058004606515169144","0.058004606515169144","296","296","296","0.05765237659215927","0.05765237659215927","0.05765237659215927","296","296","296","0.08792118728160858","0.08792118728160858","0.08792118728160858"
"3615","297","297","297","0.05783485993742943","0.05783485993742943","0.05783485993742943","297","297","297","0.057530347257852554","0.057530347257852554","0.057530347257852554","297","297","297","0.08798699826002121","0.08798699826002121","0.08798699826002121"
"3631","298","298","298","0.057764019817113876","0.057764019817113876","0.057764019817113876","298","298","298","0.05735907331109047","0.05735907331109047","0.05735907331109047","298","298","298","0.08919177949428558","0.08919177949428558","0.08919177949428558"
"3647","299","299","299","0.05780429020524025","0.05780429020524025","0.05780429020524025","299","299","299","0.05737276375293732","0.05737276375293732","0.05737276375293732","299","299","299","0.0883994773030281","0.0883994773030281","0.0883994773030281"
"3663","301","301","301","0.057769082486629486","0.057769082486629486","0.057769082486629486","301","301","301","0.05715480074286461","0.05715480074286461","0.05715480074286461","301","301","301","0.0876641720533371","0.0876641720533371","0.0876641720533371"
"3679","302","302","302","0.057717517018318176","0.057717517018318176","0.057717517018318176","302","302","302","0.057166047394275665","0.057166047394275665","0.057166047394275665","302","302","302","0.08759108930826187","0.08759108930826187","0.08759108930826187"
"3695","303","303","303","0.05753124877810478","0.05753124877810478","0.05753124877810478","303","303","303","0.05703424662351608","0.05703424662351608","0.05703424662351608","303","303","303","0.0872282087802887","0.0872282087802887","0.0872282087802887"
"3711","305","305","305","0.057061851024627686","0.057061851024627686","0.057061851024627686","305","305","305","0.05680108070373535","0.05680108070373535","0.05680108070373535","305","305","305","0.08700136840343475","0.08700136840343475","0.08700136840343475"
"3727","306","306","306","0.05700456351041794","0.05700456351041794","0.05700456351041794","306","306","306","0.05674426630139351","0.05674426630139351","0.05674426630139351","306","306","306","0.08675988018512726","0.08675988018512726","0.08675988018512726"
"3743","307","307","307","0.057018183171749115","0.057018183171749115","0.057018183171749115","307","307","307","0.0566050186753273","0.0566050186753273","0.0566050186753273","307","307","307","0.08674143999814987","0.08674143999814987","0.08674143999814987"
"3759","309","309","309","0.05745197460055351","0.05745197460055351","0.05745197460055351","309","309","309","0.056619852781295776","0.056619852781295776","0.056619852781295776","309","309","309","0.08702602982521057","0.08702602982521057","0.08702602982521057"
"3775","310","310","310","0.0570606105029583","0.0570606105029583","0.0570606105029583","310","310","310","0.05637921765446663","0.05637921765446663","0.05637921765446663","310","310","310","0.0867510735988617","0.0867510735988617","0.0867510735988617"
"3791","311","311","311","0.05657312273979187","0.05657312273979187","0.05657312273979187","311","311","311","0.05620935559272766","0.05620935559272766","0.05620935559272766","311","311","311","0.08627110719680786","0.08627110719680786","0.08627110719680786"
"3807","313","313","313","0.05686403438448906","0.05686403438448906","0.05686403438448906","313","313","313","0.05612390860915184","0.05612390860915184","0.05612390860915184","313","313","313","0.08631136268377304","0.08631136268377304","0.08631136268377304"
"3823","314","314","314","0.05633334070444107","0.05633334070444107","0.05633334070444107","314","314","314","0.05598802492022514","0.05598802492022514","0.05598802492022514","314","314","314","0.08583170175552368","0.08583170175552368","0.08583170175552368"
"3839","315","315","315","0.05629613995552063","0.05629613995552063","0.05629613995552063","315","315","315","0.05599303916096687","0.05599303916096687","0.05599303916096687","315","315","315","0.08593776077032089","0.08593776077032089","0.08593776077032089"
"3855","317","317","317","0.05620031803846359","0.05620031803846359","0.05620031803846359","317","317","317","0.055881302803754807","0.055881302803754807","0.055881302803754807","317","317","317","0.08602666854858398","0.08602666854858398","0.08602666854858398"
"3871","318","318","318","0.056019026786088943","0.056019026786088943","0.056019026786088943","318","318","318","0.0556965246796608","0.0556965246796608","0.0556965246796608","318","318","318","0.08566923439502716","0.08566923439502716","0.08566923439502716"
"3887","319","319","319","0.05600250884890556","0.05600250884890556","0.05600250884890556","319","319","319","0.05555301159620285","0.05555301159620285","0.05555301159620285","319","319","319","0.08547104895114899","0.08547104895114899","0.08547104895114899"
"3903","321","321","321","0.055860485881567","0.055860485881567","0.055860485881567","321","321","321","0.05545224994421005","0.05545224994421005","0.05545224994421005","321","321","321","0.08523406088352203","0.08523406088352203","0.08523406088352203"
"3919","322","322","322","0.055955130606889725","0.055955130606889725","0.055955130606889725","322","322","322","0.05540531501173973","0.05540531501173973","0.05540531501173973","322","322","322","0.08527600020170212","0.08527600020170212","0.08527600020170212"
"3935","323","323","323","0.05592440813779831","0.05592440813779831","0.05592440813779831","323","323","323","0.055291056632995605","0.055291056632995605","0.055291056632995605","323","323","323","0.08549869805574417","0.08549869805574417","0.08549869805574417"
"3951","325","325","325","0.055725812911987305","0.055725812911987305","0.055725812911987305","325","325","325","0.055205926299095154","0.055205926299095154","0.055205926299095154","325","325","325","0.08623963594436646","0.08623963594436646","0.08623963594436646"
"3967","326","326","326","0.055672019720077515","0.055672019720077515","0.055672019720077515","326","326","326","0.05505422130227089","0.05505422130227089","0.05505422130227089","326","326","326","0.08512315154075623","0.08512315154075623","0.08512315154075623"
"3983","327","327","327","0.05542357638478279","0.05542357638478279","0.05542357638478279","327","327","327","0.05489243566989899","0.05489243566989899","0.05489243566989899","327","327","327","0.0847209095954895","0.0847209095954895","0.0847209095954895"
"3999","329","329","329","0.05542052164673805","0.05542052164673805","0.05542052164673805","329","329","329","0.05479855462908745","0.05479855462908745","0.05479855462908745","329","329","329","0.08472146093845367","0.08472146093845367","0.08472146093845367"
"4015","330","330","330","0.0551457554101944","0.0551457554101944","0.0551457554101944","330","330","330","0.054760582745075226","0.054760582745075226","0.054760582745075226","330","330","330","0.08449762314558029","0.08449762314558029","0.08449762314558029"
"4031","331","331","331","0.055003564804792404","0.055003564804792404","0.055003564804792404","331","331","331","0.05473824590444565","0.05473824590444565","0.05473824590444565","331","331","331","0.08455534279346466","0.08455534279346466","0.08455534279346466"
"4047","332","332","332","0.05492096021771431","0.05492096021771431","0.05492096021771431","332","332","332","0.05474088340997696","0.05474088340997696","0.05474088340997696","332","332","332","0.0842425525188446","0.0842425525188446","0.0842425525188446"
"4063","334","334","334","0.05481283739209175","0.05481283739209175","0.05481283739209175","334","334","334","0.05465967208147049","0.05465967208147049","0.05465967208147049","334","334","334","0.08398893475532532","0.08398893475532532","0.08398893475532532"
"4079","335","335","335","0.05489743873476982","0.05489743873476982","0.05489743873476982","335","335","335","0.05453791841864586","0.05453791841864586","0.05453791841864586","335","335","335","0.08390600979328156","0.08390600979328156","0.08390600979328156"
"4095","336","336","336","0.05469305440783501","0.05469305440783501","0.05469305440783501","336","336","336","0.05432789772748947","0.05432789772748947","0.05432789772748947","336","336","336","0.08387845009565353","0.08387845009565353","0.08387845009565353"
"4111","338","338","338","0.05456811562180519","0.05456811562180519","0.05456811562180519","338","338","338","0.05409328266978264","0.05409328266978264","0.05409328266978264","338","338","338","0.08388718962669373","0.08388718962669373","0.08388718962669373"
"4127","339","339","339","0.054733436554670334","0.054733436554670334","0.054733436554670334","339","339","339","0.053978290408849716","0.053978290408849716","0.053978290408849716","339","339","339","0.08371564000844955","0.08371564000844955","0.08371564000844955"
"4143","340","340","340","0.05460738018155098","0.05460738018155098","0.05460738018155098","340","340","340","0.05391944572329521","0.05391944572329521","0.05391944572329521","340","340","340","0.08389731496572495","0.08389731496572495","0.08389731496572495"
"4159","342","342","342","0.05454627797007561","0.05454627797007561","0.05454627797007561","342","342","342","0.05377444997429848","0.05377444997429848","0.05377444997429848","342","342","342","0.0837518572807312","0.0837518572807312","0.0837518572807312"
"4175","343","343","343","0.05414910614490509","0.05414910614490509","0.05414910614490509","343","343","343","0.05393751710653305","0.05393751710653305","0.05393751710653305","343","343","343","0.0832744613289833","0.0832744613289833","0.0832744613289833"
"4191","344","344","344","0.053986627608537674","0.053986627608537674","0.053986627608537674","344","344","344","0.053650304675102234","0.053650304675102234","0.053650304675102234","344","344","344","0.08321361243724823","0.08321361243724823","0.08321361243724823"
"4207","346","346","346","0.054347164928913116","0.054347164928913116","0.054347164928913116","346","346","346","0.05344832316040993","0.05344832316040993","0.05344832316040993","346","346","346","0.08358341455459595","0.08358341455459595","0.08358341455459595"
"4223","347","347","347","0.05420486256480217","0.05420486256480217","0.05420486256480217","347","347","347","0.05341361090540886","0.05341361090540886","0.05341361090540886","347","347","347","0.08322755247354507","0.08322755247354507","0.08322755247354507"
"4239","348","348","348","0.05368009954690933","0.05368009954690933","0.05368009954690933","348","348","348","0.05324619263410568","0.05324619263410568","0.05324619263410568","348","348","348","0.08262240141630173","0.08262240141630173","0.08262240141630173"
"4255","350","350","350","0.05356081575155258","0.05356081575155258","0.05356081575155258","350","350","350","0.053101547062397","0.053101547062397","0.053101547062397","350","350","350","0.08286842703819275","0.08286842703819275","0.08286842703819275"
"4271","351","351","351","0.053584273904561996","0.053584273904561996","0.053584273904561996","351","351","351","0.05312761291861534","0.05312761291861534","0.05312761291861534","351","351","351","0.08294647186994553","0.08294647186994553","0.08294647186994553"
"4287","352","352","352","0.053410835564136505","0.053410835564136505","0.053410835564136505","352","352","352","0.052948061376810074","0.052948061376810074","0.052948061376810074","352","352","352","0.0824558213353157","0.0824558213353157","0.0824558213353157"
"4303","354","354","354","0.05354100838303566","0.05354100838303566","0.05354100838303566","354","354","354","0.05296503007411957","0.05296503007411957","0.05296503007411957","354","354","354","0.08228519558906555","0.08228519558906555","0.08228519558906555"
"4319","355","355","355","0.05339828506112099","0.05339828506112099","0.05339828506112099","355","355","355","0.05273231863975525","0.05273231863975525","0.05273231863975525","355","355","355","0.08245312422513962","0.08245312422513962","0.08245312422513962"
"4335","356","356","356","0.053326573222875595","0.053326573222875595","0.053326573222875595","356","356","356","0.05265064537525177","0.05265064537525177","0.05265064537525177","356","356","356","0.08216638118028641","0.08216638118028641","0.08216638118028641"
"4351","358","358","358","0.05313720554113388","0.05313720554113388","0.05313720554113388","358","358","358","0.05261257290840149","0.05261257290840149","0.05261257290840149","358","358","358","0.08209902048110962","0.08209902048110962","0.08209902048110962"
"4367","359","359","359","0.052939850836992264","0.052939850836992264","0.052939850836992264","359","359","359","0.05249975994229317","0.05249975994229317","0.05249975994229317","359","359","359","0.08294906467199326","0.08294906467199326","0.08294906467199326"
"4383","360","360","360","0.05276992917060852","0.05276992917060852","0.05276992917060852","360","360","360","0.05229911208152771","0.05229911208152771","0.05229911208152771","360","360","360","0.0820012241601944","0.0820012241601944","0.0820012241601944"
"4399","362","362","362","0.05266023799777031","0.05266023799777031","0.05266023799777031","362","362","362","0.0521935410797596","0.0521935410797596","0.0521935410797596","362","362","362","0.08151347190141678","0.08151347190141678","0.08151347190141678"
"4415","363","363","363","0.05265316367149353","0.05265316367149353","0.05265316367149353","363","363","363","0.052202314138412476","0.052202314138412476","0.052202314138412476","363","363","363","0.08144114166498184","0.08144114166498184","0.08144114166498184"
"4431","364","364","364","0.052586689591407776","0.052586689591407776","0.052586689591407776","364","364","364","0.05219646543264389","0.05219646543264389","0.05219646543264389","364","364","364","0.08124943822622299","0.08124943822622299","0.08124943822622299"
"4447","365","365","365","0.05264899134635925","0.05264899134635925","0.05264899134635925","365","365","365","0.05199682340025902","0.05199682340025902","0.05199682340025902","365","365","365","0.08130159974098206","0.08130159974098206","0.08130159974098206"
"4463","367","367","367","0.05235425755381584","0.05235425755381584","0.05235425755381584","367","367","367","0.05192498117685318","0.05192498117685318","0.05192498117685318","367","367","367","0.08112622797489166","0.08112622797489166","0.08112622797489166"
"4479","368","368","368","0.05232178047299385","0.05232178047299385","0.05232178047299385","368","368","368","0.051870718598365784","0.051870718598365784","0.051870718598365784","368","368","368","0.08102420717477798","0.08102420717477798","0.08102420717477798"
"4495","369","369","369","0.05238957703113556","0.05238957703113556","0.05238957703113556","369","369","369","0.051862768828868866","0.051862768828868866","0.051862768828868866","369","369","369","0.08085182309150696","0.08085182309150696","0.08085182309150696"
"4511","371","371","371","0.052043668925762177","0.052043668925762177","0.052043668925762177","371","371","371","0.05152037739753723","0.05152037739753723","0.05152037739753723","371","371","371","0.08068060874938965","0.08068060874938965","0.08068060874938965"
"4527","372","372","372","0.051967229694128036","0.051967229694128036","0.051967229694128036","372","372","372","0.05149827152490616","0.05149827152490616","0.05149827152490616","372","372","372","0.08154194056987762","0.08154194056987762","0.08154194056987762"
"4543","373","373","373","0.05254185572266579","0.05254185572266579","0.05254185572266579","373","373","373","0.051344022154808044","0.051344022154808044","0.051344022154808044","373","373","373","0.08072018623352051","0.08072018623352051","0.08072018623352051"
"4559","375","375","375","0.05185113102197647","0.05185113102197647","0.05185113102197647","375","375","375","0.051302067935466766","0.051302067935466766","0.051302067935466766","375","375","375","0.08063697069883347","0.08063697069883347","0.08063697069883347"
"4575","376","376","376","0.05180902034044266","0.05180902034044266","0.05180902034044266","376","376","376","0.051199011504650116","0.051199011504650116","0.051199011504650116","376","376","376","0.0803634375333786","0.0803634375333786","0.0803634375333786"
"4591","377","377","377","0.051620956510305405","0.051620956510305405","0.051620956510305405","377","377","377","0.05122067406773567","0.05122067406773567","0.05122067406773567","377","377","377","0.08006703853607178","0.08006703853607178","0.08006703853607178"
"4607","379","379","379","0.051695309579372406","0.051695309579372406","0.051695309579372406","379","379","379","0.05124258995056152","0.05124258995056152","0.05124258995056152","379","379","379","0.08044050633907318","0.08044050633907318","0.08044050633907318"
"4623","380","380","380","0.051618676632642746","0.051618676632642746","0.051618676632642746","380","380","380","0.05107066407799721","0.05107066407799721","0.05107066407799721","380","380","380","0.08079831302165985","0.08079831302165985","0.08079831302165985"
"4639","381","381","381","0.051608607172966","0.051608607172966","0.051608607172966","381","381","381","0.05081542581319809","0.05081542581319809","0.05081542581319809","381","381","381","0.08069190382957458","0.08069190382957458","0.08069190382957458"
"4655","383","383","383","0.05144285783171654","0.05144285783171654","0.05144285783171654","383","383","383","0.05066828429698944","0.05066828429698944","0.05066828429698944","383","383","383","0.07982844859361649","0.07982844859361649","0.07982844859361649"
"4671","384","384","384","0.05120621994137764","0.05120621994137764","0.05120621994137764","384","384","384","0.05061153322458267","0.05061153322458267","0.05061153322458267","384","384","384","0.07969202846288681","0.07969202846288681","0.07969202846288681"
"4687","385","385","385","0.05113252252340317","0.05113252252340317","0.05113252252340317","385","385","385","0.05052455514669418","0.05052455514669418","0.05052455514669418","385","385","385","0.0793910026550293","0.0793910026550293","0.0793910026550293"
"4703","387","387","387","0.051474060863256454","0.051474060863256454","0.051474060863256454","387","387","387","0.05045733228325844","0.05045733228325844","0.05045733228325844","387","387","387","0.07966428250074387","0.07966428250074387","0.07966428250074387"
"4719","388","388","388","0.05094396322965622","0.05094396322965622","0.05094396322965622","388","388","388","0.05034251511096954","0.05034251511096954","0.05034251511096954","388","388","388","0.07933306694030762","0.07933306694030762","0.07933306694030762"
"4735","389","389","389","0.05084475502371788","0.05084475502371788","0.05084475502371788","389","389","389","0.05031535029411316","0.05031535029411316","0.05031535029411316","389","389","389","0.07911483943462372","0.07911483943462372","0.07911483943462372"
"4751","391","391","391","0.051000576466321945","0.051000576466321945","0.051000576466321945","391","391","391","0.050314657390117645","0.050314657390117645","0.050314657390117645","391","391","391","0.07952553778886795","0.07952553778886795","0.07952553778886795"
"4767","392","392","392","0.05104374140501022","0.05104374140501022","0.05104374140501022","392","392","392","0.05016002804040909","0.05016002804040909","0.05016002804040909","392","392","392","0.07893519848585129","0.07893519848585129","0.07893519848585129"
"4783","393","393","393","0.050681810826063156","0.050681810826063156","0.050681810826063156","393","393","393","0.05001693218946457","0.05001693218946457","0.05001693218946457","393","393","393","0.0788688063621521","0.0788688063621521","0.0788688063621521"
"4799","395","395","395","0.050538767129182816","0.050538767129182816","0.050538767129182816","395","395","395","0.05001936852931976","0.05001936852931976","0.05001936852931976","395","395","395","0.07879739999771118","0.07879739999771118","0.07879739999771118"